Date,Arrivals,Departures
2023-01-01,33057,41368
2023-01-02,35761,41284
2023-01-03,36131,37401
2023-01-04,37365,33946
2023-01-05,38649,33637
2023-01-06,37702,37024
2023-01-07,36727,37062
2023-01-08,41258,38774
2023-01-09,41651,39192
2023-01-10,39287,36742
2023-01-11,38258,36691
2023-01-12,38704,38767
2023-01-13,32865,37034
2023-01-14,34264,39597
2023-01-15,36791,37594
2023-01-16,36681,38762
2023-01-17,32004,37554
2023-01-18,32083,38303
2023-01-19,37091,40057
2023-01-20,42552,41262
2023-01-21,42535,38143
2023-01-22,38838,34647
2023-01-23,41375,43899
2023-01-24,44164,49061
2023-01-25,46954,54223
2023-01-26,38149,40287
2023-01-27,31583,29266
2023-01-28,38198,36499
2023-01-29,39084,34203
2023-01-30,38610,37569
2023-01-31,36016,37459
2023-02-01,38053,34382
2023-02-02,37776,34879
2023-02-03,38477,37638
2023-02-04,37412,38226
2023-02-05,39157,38997
2023-02-06,40567,40047
2023-02-07,39007,38198
2023-02-08,40097,38144
2023-02-09,41035,39490
2023-02-10,41316,39568
2023-02-11,41202,39889
2023-02-12,42066,41354
2023-02-13,41872,41936
2023-02-14,41259,40994
2023-02-15,41609,41385
2023-02-16,41705,41349
2023-02-17,41656,41812
2023-02-18,41986,43029
2023-02-19,41212,42229
2023-02-20,40997,41033
2023-02-21,39536,41064
2023-02-22,40300,40553
2023-02-23,40266,40518
2023-02-24,41900,41682
2023-02-25,42302,42047
2023-02-26,41116,41948
2023-02-27,37132,42524
2023-02-28,34550,41322
2023-03-01,35388,41089
2023-03-02,31501,34321
2023-03-03,34139,32655
2023-03-04,32292,37516
2023-03-05,33027,39773
2023-03-06,31943,35271
2023-03-07,29116,30457
2023-03-08,30547,30201
2023-03-09,34446,29953
2023-03-10,38436,31834
2023-03-11,36389,33451
2023-03-12,35621,39972
2023-03-13,34837,38436
2023-03-14,32310,33278
2023-03-15,34430,32361
2023-03-16,39060,33132
2023-03-17,40770,34893
2023-03-18,40819,35702
2023-03-19,39906,41500
2023-03-20,39305,42401
2023-03-21,34536,37402
2023-03-22,37481,34524
2023-03-23,39704,35457
2023-03-24,40943,38823
2023-03-25,40636,39187
2023-03-26,38515,40255
2023-03-27,40834,41045
2023-03-28,37252,37946
2023-03-29,38811,36862
2023-03-30,40480,39297
2023-03-31,41409,40408
2023-04-01,40177,39057
2023-04-02,37689,41591
2023-04-03,38858,43002
2023-04-04,32663,38459
2023-04-05,37214,38491
2023-04-06,41765,38523
2023-04-07,42749,35558
2023-04-08,41364,37430
2023-04-09,39523,42657
2023-04-10,41886,43318
2023-04-11,39143,38856
2023-04-12,42018,37393
2023-04-13,42939,39694
2023-04-14,43028,41975
2023-04-15,42143,41727
2023-04-16,41304,43728
2023-04-17,41398,43864
2023-04-18,26839,30716
2023-04-19,42202,42373
2023-04-20,42814,38518
2023-04-21,43308,41898
2023-04-22,42195,42302
2023-04-23,40849,44128
2023-04-24,41582,44927
2023-04-25,39608,40840
2023-04-26,42997,38326
2023-04-27,43456,40595
2023-04-28,43967,42947
2023-04-29,42834,41230
2023-04-30,43129,42108
2023-05-01,41951,44060
2023-05-02,37418,42798
2023-05-03,38691,40341
2023-05-04,31930,34052
2023-05-05,25168,27764
2023-05-06,35275,43875
2023-05-07,29620,28438
2023-05-08,39751,39300
2023-05-09,39825,36545
2023-05-10,42948,35697
2023-05-11,42654,38957
2023-05-12,43567,44385
2023-05-13,41231,42549
2023-05-14,40666,43638
2023-05-15,43311,42670
2023-05-16,41257,39932
2023-05-17,41901,39876
2023-05-18,43110,40617
2023-05-19,43591,43604
2023-05-20,42578,43459
2023-05-21,41366,43600
2023-05-22,43131,44279
2023-05-23,39499,41055
2023-05-24,42187,40484
2023-05-25,44093,41502
2023-05-26,44107,43411
2023-05-27,44035,40311
2023-05-28,40813,42577
2023-05-29,41071,43821
2023-05-30,37525,43999
2023-05-31,40569,40469
2023-06-01,43574,36154
2023-06-02,45188,40899
2023-06-03,44800,38496
2023-06-04,43325,38501
2023-06-05,37402,41711
2023-06-06,38945,44512
2023-06-07,39508,43434
2023-06-08,38958,41355
2023-06-09,40321,42389
2023-06-10,37785,39760
2023-06-11,42786,42608
2023-06-12,42888,42448
2023-06-13,40593,39384
2023-06-14,41105,40066
2023-06-15,42119,41981
2023-06-16,41100,42203
2023-06-17,40848,42381
2023-06-18,40105,42977
2023-06-19,39615,42942
2023-06-20,37090,41367
2023-06-21,40497,37503
2023-06-22,42242,38699
2023-06-23,40593,40875
2023-06-24,38992,41053
2023-06-25,37442,42106
2023-06-26,38015,38492
2023-06-27,35471,35407
2023-06-28,38060,35402
2023-06-29,35255,37492
2023-06-30,33677,39527
2023-07-01,34536,35493
2023-07-02,34842,37555
2023-07-03,32846,32060
2023-07-04,32716,32889
2023-07-05,36991,31670
2023-07-06,36969,34192
2023-07-07,35110,37205
2023-07-08,34462,34849
2023-07-09,37254,38074
2023-07-10,37789,34190
2023-07-11,35882,34071
2023-07-12,37129,34509
2023-07-13,36470,36531
2023-07-14,33316,36642
2023-07-15,34290,36090
2023-07-16,35199,36497
2023-07-17,36278,33717
2023-07-18,33096,33049
2023-07-19,38394,35805
2023-07-20,38246,35374
2023-07-21,34980,35008
2023-07-22,36687,34957
2023-07-23,36654,37248
2023-07-24,36434,30518
2023-07-25,37843,32876
2023-07-26,40389,34290
2023-07-27,41770,35006
2023-07-28,41277,36375
2023-07-29,42341,38390
2023-07-30,42227,40847
2023-07-31,41679,38059
2023-08-01,41982,40588
2023-08-02,42593,42178
2023-08-03,39655,41346
2023-08-04,37401,41876
2023-08-05,38319,43038
2023-08-06,38659,42963
2023-08-07,37057,41301
2023-08-08,36972,41922
2023-08-09,39756,40494
2023-08-10,39756,40494
2023-08-11,42539,39066
2023-08-12,43108,33467
2023-08-13,42719,37219
2023-08-14,39393,41581
2023-08-15,40178,43052
2023-08-16,38920,42982
2023-08-17,36240,41594
2023-08-18,38296,41118
2023-08-19,38149,40321
2023-08-20,40853,42419
2023-08-21,41366,39340
2023-08-22,38324,38971
2023-08-23,38162,41144
2023-08-24,38766,39861
2023-08-25,40054,40559
2023-08-26,40658,40243
2023-08-27,41322,42093
2023-08-28,40557,40717
2023-08-29,34490,39740
2023-08-30,34641,40825
2023-08-31,35843,40054
2023-09-01,36821,38404
2023-09-02,36629,35408
2023-09-03,37848,39231
2023-09-04,36522,35415
2023-09-05,34754,34236
2023-09-06,37533,34246
2023-09-07,38924,36804
2023-09-08,39505,39395
2023-09-09,39448,37930
2023-09-10,38500,42067
2023-09-11,38520,39528
2023-09-12,36248,36976
2023-09-13,38000,37512
2023-09-14,37587,36505
2023-09-15,38424,41003
2023-09-16,36874,37529
2023-09-17,36807,40958
2023-09-18,37167,37088
2023-09-19,33850,35173
2023-09-20,36011,35409
2023-09-21,35107,35102
2023-09-22,36449,40130
2023-09-23,35164,35782
2023-09-24,32108,38269
2023-09-25,31917,35592
2023-09-26,39836,33690
2023-09-27,44048,38113
2023-09-28,44304,34932
2023-09-29,44288,32094
2023-09-30,44490,42607
2023-10-01,42723,44009
2023-10-02,38297,44457
2023-10-03,36197,44940
2023-10-04,33162,41975
2023-10-05,33352,32556
2023-10-06,44394,36041
2023-10-07,45271,34206
2023-10-08,38943,38831
2023-10-09,36662,43887
2023-10-10,39903,43750
2023-10-11,40233,36732
2023-10-12,40424,37257
2023-10-13,40570,42833
2023-10-14,41227,42608
2023-10-15,42435,42990
2023-10-16,43608,40742
2023-10-17,42230,38395
2023-10-18,43354,40233
2023-10-19,43433,43059
2023-10-20,43038,43831
2023-10-21,42210,44757
2023-10-22,42725,44168
2023-10-23,43220,43496
2023-10-24,41877,40796
2023-10-25,42545,40522
2023-10-26,42544,42884
2023-10-27,41675,43794
2023-10-28,40560,44121
2023-10-29,38226,41386
2023-10-30,38498,40693
2023-10-31,37754,39214
2023-11-01,39740,36627
2023-11-02,39545,38513
2023-11-03,39747,40936
2023-11-04,38524,41258
2023-11-05,39090,41453
2023-11-06,38302,39180
2023-11-07,36965,37053
2023-11-08,39175,37789
2023-11-09,39538,38880
2023-11-10,39553,40227
2023-11-11,39150,38755
2023-11-12,37998,40357
2023-11-13,36887,39598
2023-11-14,34058,36049
2023-11-15,39341,35339
2023-11-16,39565,36086
2023-11-17,38070,38269
2023-11-18,39636,39722
2023-11-19,37483,41656
2023-11-20,35038,39631
2023-11-21,31339,35737
2023-11-22,35628,33209
2023-11-23,39306,34603
2023-11-24,38883,37973
2023-11-25,37829,36624
2023-11-26,37215,40581
2023-11-27,34247,39235
2023-11-28,29116,35605
2023-11-29,32150,32583
2023-11-30,36786,33309
2023-12-01,36842,33669
2023-12-02,35669,33797
2023-12-03,34674,38812
2023-12-04,32115,35626
2023-12-05,28854,32452
2023-12-06,30444,30315
2023-12-07,37251,30790
2023-12-08,37259,34218
2023-12-09,36553,35156
2023-12-10,36160,38217
2023-12-11,31858,36052
2023-12-12,29938,32996
2023-12-13,33142,32103
2023-12-14,36616,33344
2023-12-15,35265,36644
2023-12-16,31967,32933
2023-12-17,36718,36623
2023-12-18,34852,34603
2023-12-19,31827,34561
2023-12-20,32651,34309
2023-12-21,37723,37432
2023-12-22,37723,37432
2023-12-23,42795,40555
2023-12-24,38401,20458
2023-12-25,36465,32515
2023-12-26,39861,35580
2023-12-27,39536,36612
2023-12-28,40006,37704
2023-12-29,39881,37041
2023-12-30,40027,37086
2023-12-31,36580,36589
2024-01-01,33774,40837
2024-01-02,35141,40821
2024-01-03,31947,39110
2024-01-04,33686,35558
2024-01-05,33558,35229
2024-01-06,34449,35026
2024-01-07,37281,34736
2024-01-08,37401,33779
2024-01-09,35070,33523
2024-01-10,35429,33640
2024-01-11,37904,36254
2024-01-12,36521,36369
2024-01-13,37583,36449
2024-01-14,38816,37803
2024-01-15,38385,38450
2024-01-16,36399,36637
2024-01-17,35979,36759
2024-01-18,37063,38485
2024-01-19,36302,37903
2024-01-20,35693,37476
2024-01-21,37207,37712
2024-01-22,35445,37002
2024-01-23,35197,38304
2024-01-24,34949,39605
2024-01-25,38013,34796
2024-01-26,37775,31919
2024-01-27,39129,35285
2024-01-28,39656,38106
2024-01-29,38152,39611
2024-01-30,35089,39295
2024-01-31,33933,39209
2024-02-01,35459,37207
2024-02-02,33965,34879
2024-02-03,33026,34647
2024-02-04,32445,35216
2024-02-05,30611,35183
2024-02-06,31315,35711
2024-02-07,34865,37693
2024-02-08,40357,35898
2024-02-09,40913,33582
2024-02-10,37571,31393
2024-02-11,37579,40775
2024-02-12,38846,40962
2024-02-13,38438,39829
2024-02-14,38405,36592
2024-02-15,38627,36395
2024-02-16,37964,36114
2024-02-17,36193,35679
2024-02-18,33995,36776
2024-02-19,36600,39794
2024-02-20,39205,42813
2024-02-21,34373,35439
2024-02-22,36490,31976
2024-02-23,37381,35350
2024-02-24,37146,34033
2024-02-25,38630,39324
2024-02-26,37168,34129
2024-02-27,37153,35896
2024-02-28,39025,37136
2024-02-29,40562,38636
2024-03-01,40067,38740
2024-03-02,30153,40961
2024-03-03,30694,41315
2024-03-04,27276,38338
2024-03-05,27682,32002
2024-03-06,28087,25666
2024-03-07,32142,27704
2024-03-08,34980,29677
2024-03-09,33337,30620
2024-03-10,32554,36462
2024-03-11,30834,33368
2024-03-12,28913,29232
2024-03-13,32128,29649
2024-03-14,35466,30648
2024-03-15,36665,33706
2024-03-16,35691,33457
2024-03-17,35216,38071
2024-03-18,35245,36536
2024-03-19,33389,32897
2024-03-20,34747,31995
2024-03-21,38368,34155
2024-03-22,38150,35666
2024-03-23,37787,36010
2024-03-24,37330,40399
2024-03-25,37838,38201
2024-03-26,37391,33602
2024-03-27,38730,35206
2024-03-28,39369,37099
2024-03-29,41076,40520
2024-03-30,39798,40389
2024-03-31,39538,42567
2024-04-01,39361,41211
2024-04-02,36680,35911
2024-04-03,38225,36431
2024-04-04,38740,37655
2024-04-05,40238,40650
2024-04-06,41349,39393
2024-04-07,39997,40606
2024-04-08,37880,37765
2024-04-09,39506,38625
2024-04-10,42162,40337
2024-04-11,38831,36085
2024-04-12,38148,37545
2024-04-13,38005,42721
2024-04-14,37798,42979
2024-04-15,40725,42587
2024-04-16,38091,36384
2024-04-17,39774,35952
2024-04-18,41759,39611
2024-04-19,40887,42325
2024-04-20,37083,39291
2024-04-21,37634,42956
2024-04-22,38308,40829
2024-04-23,37016,36501
2024-04-24,40449,35301
2024-04-25,41875,38491
2024-04-26,42929,42334
2024-04-27,41604,41838
2024-04-28,40718,42630
2024-04-29,39662,41102
2024-04-30,39695,38869
2024-05-01,40737,37092
2024-05-02,39079,36184
2024-05-03,43246,40319
2024-05-04,42602,41232
2024-05-05,30879,35156
2024-05-06,38553,44768
2024-05-07,37703,42498
2024-05-08,37472,36370
2024-05-09,38159,36296
2024-05-10,39172,41625
2024-05-11,40862,38412
2024-05-12,39245,40076
2024-05-13,38387,34959
2024-05-14,37916,39015
2024-05-15,38745,36311
2024-05-16,37520,36745
2024-05-17,37867,37047
2024-05-18,38400,42264
2024-05-19,39475,42404
2024-05-20,41182,41468
2024-05-21,39530,37464
2024-05-22,40940,38345
2024-05-23,41941,41666
2024-05-24,42073,42416
2024-05-25,39415,42649
2024-05-26,38984,42226
2024-05-27,42448,41496
2024-05-28,40862,37226
2024-05-29,41279,38482
2024-05-30,40891,41446
2024-05-31,40284,42434
2024-06-01,41199,40839
2024-06-02,40677,42404
2024-06-03,41562,38918
2024-06-04,41155,35606
2024-06-05,44297,41983
2024-06-06,44325,37817
2024-06-07,38024,37653
2024-06-08,36123,44270
2024-06-09,40989,43934
2024-06-10,40375,43249
2024-06-11,38523,40512
2024-06-12,40419,39661
2024-06-13,41942,41199
2024-06-14,41501,42478
2024-06-15,40349,41908
2024-06-16,40055,42747
2024-06-17,39395,41314
2024-06-18,36019,38733
2024-06-19,36710,38418
2024-06-20,38420,37812
2024-06-21,38218,39181
2024-06-22,36838,35849
2024-06-23,37822,39746
2024-06-24,38649,37345
2024-06-25,35285,36957
2024-06-26,36087,36319
2024-06-27,35068,37211
2024-06-28,34407,37881
2024-06-29,30423,34712
2024-06-30,32251,37013
2024-07-01,31406,31206
2024-07-02,27687,25871
2024-07-03,36235,28494
2024-07-04,37306,30049
2024-07-05,37382,34802
2024-07-06,36387,35586
2024-07-07,35980,40093
2024-07-08,32777,36707
2024-07-09,28315,34466
2024-07-10,33619,32257
2024-07-11,34962,30900
2024-07-12,35644,34093
2024-07-13,35030,33775
2024-07-14,37123,36982
2024-07-15,36148,34745
2024-07-16,34978,34121
2024-07-17,36484,35463
2024-07-18,36368,35433
2024-07-19,38249,34399
2024-07-20,39913,35757
2024-07-21,39127,36916
2024-07-22,38305,37272
2024-07-23,39450,38044
2024-07-24,40726,38521
2024-07-25,41241,37859
2024-07-26,41123,36649
2024-07-27,42435,35638
2024-07-28,42613,38152
2024-07-29,42090,34373
2024-07-30,42455,39330
2024-07-31,42721,41871
2024-08-01,41161,40839
2024-08-02,39296,42027
2024-08-03,39265,42598
2024-08-04,39018,42447
2024-08-05,39284,42263
2024-08-06,37521,42075
2024-08-07,37748,40955
2024-08-08,37820,39099
2024-08-09,38224,39347
2024-08-10,40102,40118
2024-08-11,40285,42038
2024-08-12,38868,37637
2024-08-13,40268,38067
2024-08-14,42175,40273
2024-08-15,41721,38670
2024-08-16,36238,38563
2024-08-17,34121,42040
2024-08-18,37822,42563
2024-08-19,36875,41319
2024-08-20,32255,37757
2024-08-21,34612,36087
2024-08-22,37083,35093
2024-08-23,39033,37345
2024-08-24,40469,37661
2024-08-25,40897,40294
2024-08-26,40114,37144
2024-08-27,39961,40779
2024-08-28,38827,39963
2024-08-29,38577,40090
2024-08-30,38317,40629
2024-08-31,38202,40870
2024-09-01,37658,41420
2024-09-02,34359,38156
2024-09-03,33094,35269
2024-09-04,35022,35230
2024-09-05,36213,35665
2024-09-06,36540,36671
2024-09-07,36930,36633
2024-09-08,34698,39663
2024-09-09,33101,36617
2024-09-10,30000,33283
2024-09-11,32346,34194
2024-09-12,35736,33533
2024-09-13,42152,35184
2024-09-14,41606,35121
2024-09-15,41695,31976
2024-09-16,39679,39497
2024-09-17,38976,42368
2024-09-18,41646,42502
2024-09-19,37153,40883
2024-09-20,33818,37968
2024-09-21,31088,38233
2024-09-22,37249,38966
2024-09-23,37412,33871
2024-09-24,36085,34924
2024-09-25,39498,36990
2024-09-26,39353,37421
2024-09-27,38830,40239
2024-09-28,40538,37756
2024-09-29,40519,39319
2024-09-30,40688,34481
2024-10-01,40483,37235
2024-10-02,41898,38760
2024-10-03,41334,36154
2024-10-04,33416,36907
2024-10-05,33028,42131
2024-10-06,37212,42339
2024-10-07,36123,37755
2024-10-08,36307,35510
2024-10-09,37196,34790
2024-10-10,34385,34804
2024-10-11,38655,38345
2024-10-12,38713,41321
2024-10-13,40348,42279
2024-10-14,40683,39899
2024-10-15,39031,35678
2024-10-16,40491,37289
2024-10-17,39301,39950
2024-10-18,38845,41772
2024-10-19,38405,41635
2024-10-20,38793,41755
2024-10-21,40434,38403
2024-10-22,40009,34417
2024-10-23,40302,36565
2024-10-24,39986,41187
2024-10-25,39905,41656
2024-10-26,38800,42215
2024-10-27,36954,38508
2024-10-28,37423,38219
2024-10-29,37735,37798
2024-10-30,36727,36296
2024-10-31,36794,39229
2024-11-01,37023,38880
2024-11-02,38193,39291
2024-11-03,38097,38536
2024-11-04,37529,37828
2024-11-05,38028,37295
2024-11-06,37440,34778
2024-11-07,39064,38148
2024-11-08,38517,39123
2024-11-09,38792,39901
2024-11-10,37147,38125
2024-11-11,36665,37563
2024-11-12,34724,37005
2024-11-13,36524,34393
2024-11-14,37904,36025
2024-11-15,37799,37431
2024-11-16,38050,38778
2024-11-17,35850,38021
2024-11-18,34915,36709
2024-11-19,33781,36147
2024-11-20,34742,33686
2024-11-21,36325,34591
2024-11-22,37298,37385
2024-11-23,37481,38075
2024-11-24,36013,38868
2024-11-25,33350,37727
2024-11-26,30542,34805
2024-11-27,25539,25541
2024-11-28,34339,34487
2024-11-29,35445,34116
2024-11-30,35327,32326
2024-12-01,34860,36126
2024-12-02,32087,33049
2024-12-03,29911,31589
2024-12-04,30263,30979
2024-12-05,32674,31834
2024-12-06,33647,33708
2024-12-07,34152,33474
2024-12-08,33670,35883
2024-12-09,32556,32997
2024-12-10,30070,31245
2024-12-11,31428,30790
2024-12-12,33309,31613
2024-12-13,34042,35307
2024-12-14,35081,33888
2024-12-15,35519,36469
2024-12-16,34910,34021
2024-12-17,32567,34128
2024-12-18,33868,33909
2024-12-19,35188,33706
2024-12-20,33387,35087
2024-12-21,35295,33091
2024-12-22,34532,34412
2024-12-23,33622,31827
2024-12-24,34690,31895
2024-12-25,35154,30182
2024-12-26,37549,30869
2024-12-27,35639,30665
2024-12-28,38824,36148
2024-12-29,38072,37129
2024-12-30,34082,36511
2024-12-31,32315,34482
2025-01-01,29388,35238
2025-01-02,30477,33531
2025-01-03,27671,31306
2025-01-04,29706,33136
2025-01-05,30250,33397
2025-01-06,30033,29297
2025-01-07,27993,28668
2025-01-08,27419,28009
2025-01-09,30621,31192
2025-01-10,33823,34375
2025-01-11,31181,28458
2025-01-12,32125,28834
2025-01-13,33266,30645
2025-01-14,30321,30328
2025-01-15,30251,30735
2025-01-16,31013,31026
2025-01-17,31846,32325
2025-01-18,31213,32366
2025-01-19,31229,33481
2025-01-20,31669,32532
2025-01-21,28910,31331
