Date,Arrivals,Departures
2023-01-01,39592,39093
2023-01-02,37583,36312
2023-01-03,35639,35184
2023-01-04,36236,36244
2023-01-05,37507,36530
2023-01-06,40423,40511
2023-01-07,40894,40728
2023-01-08,38488,38427
2023-01-09,36667,36508
2023-01-10,35375,33916
2023-01-11,34700,33651
2023-01-12,35775,36253
2023-01-13,39147,39837
2023-01-14,39979,39315
2023-01-15,39015,38385
2023-01-16,36763,36174
2023-01-17,33848,33516
2023-01-18,34613,35474
2023-01-19,34843,35351
2023-01-20,39635,39291
2023-01-21,40595,39247
2023-01-22,39274,37370
2023-01-23,36506,35707
2023-01-24,34993,35413
2023-01-25,34853,34407
2023-01-26,36276,34982
2023-01-27,39351,37971
2023-01-28,38291,38216
2023-01-29,37791,37713
2023-01-30,35448,34920
2023-01-31,34332,33558
2023-02-01,34174,33452
2023-02-02,35223,35781
2023-02-03,39124,37760
2023-02-04,37927,37972
2023-02-05,38171,37584
2023-02-06,34768,34220
2023-02-07,32100,31966
2023-02-08,32900,32766
2023-02-09,34743,34316
2023-02-10,37402,37720
2023-02-11,38625,37606
2023-02-12,37798,37892
2023-02-13,34680,34440
2023-02-14,32717,33602
2023-02-15,34774,33891
2023-02-16,34635,33791
2023-02-17,37930,38662
2023-02-18,38464,36874
2023-02-19,36684,36493
2023-02-20,34899,33872
2023-02-21,33418,32954
2023-02-22,33630,32664
2023-02-23,34932,34123
2023-02-24,38625,37046
2023-02-25,37878,38133
2023-02-26,36606,36475
2023-02-27,33010,33580
2023-02-28,31859,32132
2023-03-01,32148,32444
2023-03-02,32730,33246
2023-03-03,36036,36233
2023-03-04,36916,36956
2023-03-05,35789,35891
2023-03-06,35094,32546
2023-03-07,32197,31860
2023-03-08,33289,33947
2023-03-09,34128,33244
2023-03-10,36625,35943
2023-03-11,36038,37813
2023-03-12,36545,34601
2023-03-13,35146,32668
2023-03-14,30902,30954
2023-03-15,32315,31153
2023-03-16,31803,32167
2023-03-17,34132,34671
2023-03-18,37559,36208
2023-03-19,34434,34174
2023-03-20,33235,32824
2023-03-21,30504,30263
2023-03-22,31179,29407
2023-03-23,31940,32012
2023-03-24,35219,34024
2023-03-25,34676,35349
2023-03-26,34410,35382
2023-03-27,32455,31867
2023-03-28,31472,30682
2023-03-29,30039,30003
2023-03-30,30883,30043
2023-03-31,33638,33167
2023-04-01,34137,33443
2023-04-02,32676,32254
2023-04-03,31500,30622
2023-04-04,30034,29394
2023-04-05,29979,28866
2023-04-06,31418,30710
2023-04-07,34127,34341
2023-04-08,34383,33875
2023-04-09,32746,32866
2023-04-10,32388,31530
2023-04-11,29989,30204
2023-04-12,30356,29994
2023-04-13,31856,30770
2023-04-14,33374,32453
2023-04-15,34099,33600
2023-04-16,31382,31870
2023-04-17,31623,31150
2023-04-18,28900,27374
2023-04-19,29726,28713
2023-04-20,31713,30106
2023-04-21,34088,34057
2023-04-22,35650,33723
2023-04-23,34713,32923
2023-04-24,32035,31181
2023-04-25,30596,29712
2023-04-26,31897,31019
2023-04-27,31821,32351
2023-04-28,35317,34505
2023-04-29,35902,35885
2023-04-30,34931,34378
2023-05-01,32010,31539
2023-05-02,30027,30456
2023-05-03,31521,31418
2023-05-04,31061,31191
2023-05-05,33958,34135
2023-05-06,35286,34646
2023-05-07,34823,33375
2023-05-08,31503,31699
2023-05-09,30101,29803
2023-05-10,31211,29907
2023-05-11,31655,31415
2023-05-12,35969,35052
2023-05-13,35955,34841
2023-05-14,33651,33646
2023-05-15,31445,30934
2023-05-16,30063,29470
2023-05-17,29547,29750
2023-05-18,30249,29706
2023-05-19,33577,33037
2023-05-20,34898,34147
2023-05-21,33506,32958
2023-05-22,31597,31536
2023-05-23,30363,29997
2023-05-24,30573,30083
2023-05-25,32821,31171
2023-05-26,34803,35327
2023-05-27,35092,33609
2023-05-28,31701,31582
2023-05-29,31042,30921
2023-05-30,29882,28728
2023-05-31,30163,29859
2023-06-01,31810,32038
2023-06-02,34319,34190
2023-06-03,35896,35232
2023-06-04,34747,33568
2023-06-05,32497,32704
2023-06-06,30688,29956
2023-06-07,31293,31305
2023-06-08,32443,30882
2023-06-09,35317,33609
2023-06-10,35635,34589
2023-06-11,35816,33533
2023-06-12,32950,31488
2023-06-13,30970,30809
2023-06-14,31370,30542
2023-06-15,32758,32723
2023-06-16,36024,35391
2023-06-17,36157,36652
2023-06-18,36231,36003
2023-06-19,34909,34119
2023-06-20,33214,32379
2023-06-21,32796,31425
2023-06-22,34110,34062
2023-06-23,37710,36689
2023-06-24,36710,36459
2023-06-25,35980,35050
2023-06-26,34013,34042
2023-06-27,32461,32203
2023-06-28,32194,32881
2023-06-29,34638,33920
2023-06-30,37058,37991
2023-07-01,38873,39487
2023-07-02,38058,37642
2023-07-03,35534,34632
2023-07-04,35082,34490
2023-07-05,35489,34958
2023-07-06,35118,34664
2023-07-07,38572,38559
2023-07-08,39452,41017
2023-07-09,38825,38197
2023-07-10,36474,36402
2023-07-11,33902,34467
2023-07-12,33841,32772
2023-07-13,35319,35978
2023-07-14,38688,38696
2023-07-15,38679,39115
2023-07-16,38119,37721
2023-07-17,35932,36141
2023-07-18,34418,32970
2023-07-19,34971,33364
2023-07-20,36014,34212
2023-07-21,38749,37754
2023-07-22,39129,38883
2023-07-23,37811,37023
2023-07-24,35224,34497
2023-07-25,33786,32893
2023-07-26,33848,33774
2023-07-27,35821,35493
2023-07-28,38213,38070
2023-07-29,38740,39248
2023-07-30,38857,38380
2023-07-31,37159,36891
2023-08-01,35326,34361
2023-08-02,36299,35040
2023-08-03,36507,36710
2023-08-04,40425,38788
2023-08-05,40383,39793
2023-08-06,39707,38318
2023-08-07,36664,37362
2023-08-08,35944,35274
2023-08-09,35607,35565
2023-08-10,37102,35788
2023-08-11,40258,39479
2023-08-12,40327,41350
2023-08-13,40435,39326
2023-08-14,37679,35899
2023-08-15,36373,35361
2023-08-16,36373,35972
2023-08-17,38048,37135
2023-08-18,41511,41792
2023-08-19,41438,40992
2023-08-20,39826,38296
2023-08-21,35876,35860
2023-08-22,34837,34135
2023-08-23,35983,35910
2023-08-24,37811,36578
2023-08-25,41700,40473
2023-08-26,42263,40758
2023-08-27,40033,40093
2023-08-28,37824,37884
2023-08-29,37942,37036
2023-08-30,39199,35951
2023-08-31,37821,38626
2023-09-01,41200,41699
2023-09-02,43067,41907
2023-09-03,41098,40824
2023-09-04,39256,37758
2023-09-05,35789,36423
2023-09-06,37780,36271
2023-09-07,36860,36957
2023-09-08,41902,39320
2023-09-09,42767,41217
2023-09-10,39877,39714
2023-09-11,38400,37054
2023-09-12,36228,34921
2023-09-13,36046,36660
2023-09-14,40185,38235
2023-09-15,43007,42660
2023-09-16,43165,44086
2023-09-17,41413,41227
2023-09-18,39082,39008
2023-09-19,37052,37738
2023-09-20,38007,37020
2023-09-21,39822,38348
2023-09-22,42788,42910
2023-09-23,44095,45650
2023-09-24,42684,42055
2023-09-25,38776,38997
2023-09-26,38371,37325
2023-09-27,37987,37923
2023-09-28,39676,39337
2023-09-29,43587,43219
2023-09-30,44669,44227
2023-10-01,42630,41247
2023-10-02,38617,39704
2023-10-03,38227,37223
2023-10-04,36706,37226
2023-10-05,37693,37700
2023-10-06,41355,41222
2023-10-07,41077,42477
2023-10-08,41751,39699
2023-10-09,38740,36655
2023-10-10,36407,35420
2023-10-11,36097,35405
2023-10-12,38361,39219
2023-10-13,40959,39772
2023-10-14,43154,42528
2023-10-15,40414,39091
2023-10-16,39824,38836
2023-10-17,38462,38069
2023-10-18,37347,37351
2023-10-19,39809,38130
2023-10-20,44478,42913
2023-10-21,44400,44317
2023-10-22,43802,43933
2023-10-23,41073,40707
2023-10-24,38902,37372
2023-10-25,38328,38906
2023-10-26,40309,38783
2023-10-27,42745,42557
2023-10-28,44779,45161
2023-10-29,42888,43247
2023-10-30,39289,40437
2023-10-31,37114,37867
2023-11-01,39587,37640
2023-11-02,39001,38390
2023-11-03,41960,41650
2023-11-04,41959,41352
2023-11-05,40785,39902
2023-11-06,39159,38407
2023-11-07,37957,36701
2023-11-08,36318,36907
2023-11-09,37809,37748
2023-11-10,41737,40228
2023-11-11,41680,41932
2023-11-12,41764,40793
2023-11-13,39799,39240
2023-11-14,37726,36053
2023-11-15,37455,36903
2023-11-16,37274,37816
2023-11-17,40723,41531
2023-11-18,41662,41033
2023-11-19,41200,39197
2023-11-20,38380,38026
2023-11-21,35845,36251
2023-11-22,38695,38350
2023-11-23,39484,39304
2023-11-24,43546,43024
2023-11-25,42480,43467
2023-11-26,41609,40708
2023-11-27,39176,37922
2023-11-28,37227,36547
2023-11-29,37596,37685
2023-11-30,38804,38085
2023-12-01,39919,39454
2023-12-02,41822,41433
2023-12-03,40028,39578
2023-12-04,37637,37157
2023-12-05,35584,35973
2023-12-06,37694,36729
2023-12-07,38505,37949
2023-12-08,42136,41829
2023-12-09,43181,42782
2023-12-10,41686,41507
2023-12-11,39018,39622
2023-12-12,37165,37111
2023-12-13,37671,36965
2023-12-14,38030,36893
2023-12-15,40906,41646
2023-12-16,42938,42117
2023-12-17,40072,40060
2023-12-18,38933,38164
2023-12-19,36300,35495
2023-12-20,36287,35508
2023-12-21,38179,37701
2023-12-22,40878,40270
2023-12-23,43148,40142
2023-12-24,39506,39019
2023-12-25,36120,36110
2023-12-26,34628,33874
2023-12-27,34955,34071
2023-12-28,36229,36069
2023-12-29,39606,38455
2023-12-30,40437,39591
2023-12-31,38667,39141
2024-01-01,37332,35916
2024-01-02,34338,34089
2024-01-03,34783,35395
2024-01-04,35271,35622
2024-01-05,38073,37674
2024-01-06,38849,38284
2024-01-07,38269,37593
2024-01-08,35544,33579
2024-01-09,33662,31374
2024-01-10,33000,33106
2024-01-11,35614,33844
2024-01-12,38375,37362
2024-01-13,38404,37972
2024-01-14,36981,36756
2024-01-15,35438,34950
2024-01-16,33372,32869
2024-01-17,33712,34403
2024-01-18,34764,35113
2024-01-19,39216,38914
2024-01-20,38864,38398
2024-01-21,36932,37003
2024-01-22,34948,34347
2024-01-23,33295,32578
2024-01-24,33689,32830
2024-01-25,35674,34772
2024-01-26,38791,37949
2024-01-27,40539,39069
2024-01-28,38676,37469
2024-01-29,35847,34067
2024-01-30,34669,33855
2024-01-31,35374,33520
2024-02-01,34623,34329
2024-02-02,37717,37197
2024-02-03,38835,36630
2024-02-04,36157,35358
2024-02-05,33771,33106
2024-02-06,31779,31924
2024-02-07,32663,32139
2024-02-08,34239,33718
2024-02-09,36955,36596
2024-02-10,37230,36197
2024-02-11,36175,34688
2024-02-12,33234,32702
2024-02-13,31248,31391
2024-02-14,30493,31420
2024-02-15,31816,30979
2024-02-16,34386,33916
2024-02-17,36071,35206
2024-02-18,35500,34655
2024-02-19,33288,33202
2024-02-20,32247,31419
2024-02-21,31566,31129
2024-02-22,32243,32334
2024-02-23,36125,36284
2024-02-24,36240,36570
2024-02-25,35391,35650
2024-02-26,33261,33906
2024-02-27,31669,31256
2024-02-28,31837,32164
2024-02-29,33945,32980
2024-03-01,36578,37101
2024-03-02,36878,37387
2024-03-03,35999,35308
2024-03-04,33127,34249
2024-03-05,31268,31690
2024-03-06,32424,32364
2024-03-07,32371,32854
2024-03-08,36026,35036
2024-03-09,37646,36061
2024-03-10,35341,35375
2024-03-11,33095,32551
2024-03-12,31716,31088
2024-03-13,32402,31273
2024-03-14,33098,33218
2024-03-15,36916,36223
2024-03-16,36185,37163
2024-03-17,35756,34965
2024-03-18,33549,33305
2024-03-19,31063,30287
2024-03-20,31072,30322
2024-03-21,31248,31317
2024-03-22,33989,33657
2024-03-23,35353,34118
2024-03-24,33629,34964
2024-03-25,31340,31379
2024-03-26,30168,30190
2024-03-27,30109,29396
2024-03-28,31719,31043
2024-03-29,34406,33750
2024-03-30,34210,34118
2024-03-31,33245,32412
2024-04-01,30782,30036
2024-04-02,29270,29015
2024-04-03,30313,29859
2024-04-04,32286,32012
2024-04-05,35586,34979
2024-04-06,36203,35763
2024-04-07,34108,34862
2024-04-08,33134,32750
2024-04-09,31791,31490
2024-04-10,31319,30413
2024-04-11,32820,32073
2024-04-12,34763,35565
2024-04-13,36017,36054
2024-04-14,34838,33823
2024-04-15,32491,31192
2024-04-16,30793,30821
2024-04-17,30795,30715
2024-04-18,31331,31370
2024-04-19,35303,34419
2024-04-20,35238,34619
2024-04-21,34895,34444
2024-04-22,32287,31253
2024-04-23,30009,30271
2024-04-24,30323,30482
2024-04-25,33151,31239
2024-04-26,34815,34288
2024-04-27,37127,35824
2024-04-28,35694,34970
2024-04-29,34409,32128
2024-04-30,31703,31527
2024-05-01,31934,31295
2024-05-02,33983,32892
2024-05-03,37280,37100
2024-05-04,37354,36091
2024-05-05,35815,34226
2024-05-06,32803,33142
2024-05-07,31642,30703
2024-05-08,31237,31094
2024-05-09,33453,32422
2024-05-10,35870,36498
2024-05-11,37215,36932
2024-05-12,35727,34821
2024-05-13,34017,34353
2024-05-14,31960,32748
2024-05-15,31230,32283
2024-05-16,33702,33091
2024-05-17,37765,36499
2024-05-18,37498,37378
2024-05-19,34948,35022
2024-05-20,33874,33696
2024-05-21,32508,31658
2024-05-22,32498,31546
2024-05-23,33529,32637
2024-05-24,34756,36593
2024-05-25,38096,36116
2024-05-26,35865,34573
2024-05-27,33471,33987
2024-05-28,32577,31553
2024-05-29,32683,31118
2024-05-30,33777,32233
2024-05-31,36599,36624
2024-06-01,37335,36818
2024-06-02,36918,36365
2024-06-03,33513,34349
2024-06-04,31651,31778
2024-06-05,33173,31960
2024-06-06,32637,32414
2024-06-07,36510,35139
2024-06-08,36160,34813
2024-06-09,35594,34235
2024-06-10,35120,32451
2024-06-11,32801,32209
2024-06-12,33291,32262
2024-06-13,33972,35211
2024-06-14,37839,38001
2024-06-15,39505,39164
2024-06-16,38637,37117
2024-06-17,35949,35069
2024-06-18,32728,32198
2024-06-19,32386,32437
2024-06-20,34475,33560
2024-06-21,36644,35932
2024-06-22,37808,36124
2024-06-23,35811,36956
2024-06-24,33535,32821
2024-06-25,31751,31248
2024-06-26,31920,31472
2024-06-27,33165,33747
2024-06-28,35575,36450
2024-06-29,36994,37501
2024-06-30,36609,35528
2024-07-01,34803,34228
2024-07-02,32857,31982
2024-07-03,33956,33633
2024-07-04,34333,34126
2024-07-05,36678,36769
2024-07-06,38282,38281
2024-07-07,37104,36154
2024-07-08,34817,33154
2024-07-09,32770,32185
2024-07-10,32611,31474
2024-07-11,34322,33123
2024-07-12,37940,36678
2024-07-13,38084,37706
2024-07-14,36300,35534
2024-07-15,35600,34991
2024-07-16,34318,34062
2024-07-17,35267,33678
2024-07-18,36432,35178
2024-07-19,39580,39101
2024-07-20,39651,38456
2024-07-21,37504,38042
2024-07-22,37961,36009
2024-07-23,33893,34747
2024-07-24,34071,33484
2024-07-25,35700,36352
2024-07-26,40241,40075
2024-07-27,40331,39710
2024-07-28,38044,37496
2024-07-29,34369,34249
2024-07-30,33204,32433
2024-07-31,33716,32872
2024-08-01,34751,34636
2024-08-02,38823,37868
2024-08-03,40501,38361
2024-08-04,39970,37843
2024-08-05,36624,36564
2024-08-06,34946,35509
2024-08-07,35351,35483
2024-08-08,37283,37499
2024-08-09,40247,40085
2024-08-10,41136,40633
2024-08-11,40802,39744
2024-08-12,38901,38972
2024-08-13,38050,36498
2024-08-14,38882,37037
2024-08-15,39358,38283
2024-08-16,43344,41471
2024-08-17,43549,43156
2024-08-18,42451,41441
2024-08-19,39842,38752
2024-08-20,36372,36827
2024-08-21,37635,36857
2024-08-22,38741,39028
2024-08-23,41440,41652
2024-08-24,42609,41808
2024-08-25,41110,39284
2024-08-26,37408,38750
2024-08-27,36590,36968
2024-08-28,38238,38819
2024-08-29,39803,38752
2024-08-30,43033,41221
2024-08-31,44143,44059
2024-09-01,44361,40837
2024-09-02,39959,40386
2024-09-03,38129,36105
2024-09-04,38218,38919
2024-09-05,39870,41466
2024-09-06,43131,43909
2024-09-07,43342,43256
2024-09-08,42657,41370
2024-09-09,40458,40425
2024-09-10,37470,37688
2024-09-11,39065,36840
2024-09-12,39188,40036
2024-09-13,44071,43661
2024-09-14,44991,43905
2024-09-15,43295,41084
2024-09-16,41391,40793
2024-09-17,38371,37734
2024-09-18,39482,38046
2024-09-19,41427,39551
2024-09-20,44588,44155
2024-09-21,44481,43923
2024-09-22,43635,42758
2024-09-23,39501,39994
2024-09-24,37718,36881
2024-09-25,37824,38236
2024-09-26,39090,37878
2024-09-27,44008,43075
2024-09-28,45094,43306
2024-09-29,43430,42968
2024-09-30,40329,40040
2024-10-01,39509,38768
2024-10-02,38885,38315
2024-10-03,41291,40344
2024-10-04,43676,43112
2024-10-05,46044,44550
2024-10-06,44884,46059
2024-10-07,42839,41946
2024-10-08,40304,38961
2024-10-09,41241,38843
2024-10-10,41324,41886
2024-10-11,46541,43838
2024-10-12,46362,44573
2024-10-13,42965,42235
2024-10-14,41746,39539
2024-10-15,38796,38311
2024-10-16,39646,38701
2024-10-17,39133,39469
2024-10-18,44578,43130
2024-10-19,46008,45109
2024-10-20,43780,43963
2024-10-21,41124,40201
2024-10-22,38806,37463
2024-10-23,39596,38447
2024-10-24,39905,39357
2024-10-25,45148,44079
2024-10-26,46141,44264
2024-10-27,42006,41665
2024-10-28,40616,40155
2024-10-29,38748,38612
2024-10-30,40660,40522
2024-10-31,40052,39505
2024-11-01,42844,43101
2024-11-02,43530,42268
2024-11-03,41818,40340
2024-11-04,38744,39543
2024-11-05,38503,37577
2024-11-06,35818,36116
2024-11-07,38148,37757
2024-11-08,41431,40599
2024-11-09,43094,42676
2024-11-10,41366,41826
2024-11-11,37706,38258
2024-11-12,37172,36086
2024-11-13,36991,35668
2024-11-14,40546,38772
2024-11-15,43001,43222
2024-11-16,43919,44168
2024-11-17,43918,40952
2024-11-18,39250,39747
2024-11-19,37856,36361
2024-11-20,39183,38285
2024-11-21,38425,38166
2024-11-22,40915,41448
2024-11-23,42892,41865
2024-11-24,41626,41325
2024-11-25,40405,38611
2024-11-26,37608,37933
2024-11-27,38179,38714
2024-11-28,38181,37567
2024-11-29,43628,42549
2024-11-30,42653,43636
2024-12-01,41440,41262
2024-12-02,40084,37593
2024-12-03,36035,35462
2024-12-04,37796,38052
2024-12-05,39431,38293
2024-12-06,42979,42072
2024-12-07,43545,43692
2024-12-08,42547,41271
2024-12-09,40668,39598
2024-12-10,36635,35713
2024-12-11,37456,37351
2024-12-12,39106,38983
2024-12-13,42035,41437
2024-12-14,42767,43341
2024-12-15,42033,41006
2024-12-16,37978,37178
2024-12-17,36355,35605
2024-12-18,37379,36828
2024-12-19,39239,37200
2024-12-20,41279,41358
2024-12-21,44024,43412
2024-12-22,42717,40311
2024-12-23,39099,39720
2024-12-24,37953,36445
2024-12-25,38869,37500
2024-12-26,39776,39575
2024-12-27,43206,43601
2024-12-28,44504,45073
2024-12-29,42446,40524
2024-12-30,40784,40465
2024-12-31,36617,36945
2025-01-01,36461,37353
2025-01-02,38813,38020
2025-01-03,41211,40484
2025-01-04,43503,40434
2025-01-05,40523,39163
2025-01-06,36483,37379
2025-01-07,35798,34273
2025-01-08,36188,35367
2025-01-09,36411,35480
2025-01-10,39826,39052
2025-01-11,40850,40658
2025-01-12,40051,38359
2025-01-13,37408,36483
2025-01-14,35785,34678
2025-01-15,35860,36023
2025-01-16,38413,38564
2025-01-17,39927,39556
2025-01-18,40861,39863
2025-01-19,40082,39207
2025-01-20,36887,36457
2025-01-21,34761,34996
2025-01-22,34565,34630
2025-01-23,36448,35350
2025-01-24,37859,37807
2025-01-25,40078,38008
2025-01-26,38229,37172
2025-01-27,37054,36861
2025-01-28,35597,35214
2025-01-29,35918,36181
2025-01-30,38007,37181
2025-01-31,40715,40090
2025-02-01,39672,39232
2025-02-02,38472,37174
2025-02-03,34881,34747
2025-02-04,34504,32843
2025-02-05,34239,33208
2025-02-06,34203,33499
2025-02-07,37595,37938
2025-02-08,37837,38268
2025-02-09,37067,36030
2025-02-10,34267,35352
2025-02-11,32377,32807
2025-02-12,32929,32352
2025-02-13,33960,34377
2025-02-14,36342,37133
2025-02-15,38060,38110
2025-02-16,36015,36139
2025-02-17,33661,33053
2025-02-18,32417,31259
2025-02-19,32248,32036
2025-02-20,32176,33462
2025-02-21,37989,36905
2025-02-22,37617,37582
2025-02-23,36015,34703
2025-02-24,33854,33961
2025-02-25,32052,32241
2025-02-26,31941,31380
2025-02-27,33302,33022
2025-02-28,35289,35581
2025-03-01,37775,37023
2025-03-02,36174,35858
2025-03-03,33628,32976
2025-03-04,31714,31068
2025-03-05,31199,31844
2025-03-06,33308,32412
2025-03-07,36372,35278
2025-03-08,36545,36692
2025-03-09,34903,34430
2025-03-10,33395,32003
2025-03-11,30817,30883
2025-03-12,32488,31959
2025-03-13,33705,33275
2025-03-14,36399,36436
2025-03-15,38169,37546
2025-03-16,36423,35470
2025-03-17,34866,34112
2025-03-18,32625,32883
2025-03-19,33458,33119
2025-03-20,34639,32460
2025-03-21,36478,35783
2025-03-22,36922,35557
2025-03-23,35261,34750
2025-03-24,32628,32875
2025-03-25,31639,30730
2025-03-26,30588,30318
2025-03-27,32823,32040
2025-03-28,34904,34231
2025-03-29,34707,35126
2025-03-30,34433,32827
2025-03-31,33344,30776
2025-04-01,30330,29287
2025-04-02,31077,30757
2025-04-03,32364,32074
2025-04-04,34779,35176
2025-04-05,36378,36140
2025-04-06,35363,34583
2025-04-07,33159,33749
2025-04-08,31928,31992
2025-04-09,30826,30313
2025-04-10,32326,33398
2025-04-11,34970,34119
2025-04-12,35323,34906
2025-04-13,33569,32319
2025-04-14,31157,30640
2025-04-15,29358,29748
2025-04-16,30297,29661
2025-04-17,31808,30794
2025-04-18,34532,35091
2025-04-19,35230,34004
2025-04-20,33615,32859
2025-04-21,31320,31147
2025-04-22,29967,29336
2025-04-23,30571,30984
2025-04-24,31233,30636
2025-04-25,35148,34518
2025-04-26,35070,35908
2025-04-27,34855,34409
2025-04-28,32950,32493
2025-04-29,30915,30438
2025-04-30,31469,30997
2025-05-01,31581,32617
2025-05-02,35931,34712
2025-05-03,36789,37002
2025-05-04,35204,34476
2025-05-05,33243,33416
2025-05-06,31989,32090
2025-05-07,30907,30821
2025-05-08,32661,31989
2025-05-09,34805,35743
2025-05-10,37077,35878
2025-05-11,35027,34256
2025-05-12,32649,31914
2025-05-13,30551,29619
2025-05-14,31636,30465
2025-05-15,31733,31232
2025-05-16,33877,33121
2025-05-17,35920,35819
2025-05-18,34896,33556
2025-05-19,31858,31557
2025-05-20,29801,30009
2025-05-21,30211,30282
2025-05-22,31424,32341
2025-05-23,35762,34524
2025-05-24,36698,35244
2025-05-25,36190,33994
2025-05-26,32809,32875
2025-05-27,30429,30996
2025-05-28,30205,30958
2025-05-29,32709,32080
2025-05-30,35635,35260
2025-05-31,35383,34885
2025-06-01,34451,34131
2025-06-02,32176,31772
2025-06-03,31272,30582
2025-06-04,31405,31332
2025-06-05,31754,31931
2025-06-06,35150,34140
2025-06-07,36146,36301
2025-06-08,34600,35024
2025-06-09,33855,32633
2025-06-10,31118,30191
2025-06-11,33269,30983
2025-06-12,33177,32491
2025-06-13,37618,36294
2025-06-14,38613,37935
2025-06-15,36809,37523
2025-06-16,35091,34705
2025-06-17,33178,31969
2025-06-18,33127,33215
2025-06-19,35286,34340
2025-06-20,37568,37218
2025-06-21,38341,37594
2025-06-22,38058,37827
2025-06-23,34939,35726
2025-06-24,32894,33039
2025-06-25,33488,32617
2025-06-26,33955,34346
2025-06-27,37655,37879
2025-06-28,37604,36836
2025-06-29,35923,35609
2025-06-30,33572,33157
2025-07-01,32842,31591
2025-07-02,32623,32972
2025-07-03,33771,33639
2025-07-04,37985,37024
2025-07-05,39264,38766
2025-07-06,38869,36745
2025-07-07,36049,35000
2025-07-08,33529,32879
2025-07-09,33637,33076
2025-07-10,35724,34412
2025-07-11,39855,39156
2025-07-12,39368,38470
2025-07-13,38294,38065
2025-07-14,36388,35614
2025-07-15,33851,33978
2025-07-16,34421,34429
2025-07-17,35053,35319
2025-07-18,38802,38533
2025-07-19,40919,39087
2025-07-20,38721,38419
2025-07-21,36189,35689
2025-07-22,33913,33966
2025-07-23,34937,33882
2025-07-24,35159,34592
2025-07-25,38435,38721
2025-07-26,39530,39993
2025-07-27,38065,38089
2025-07-28,35880,36217
2025-07-29,34242,33269
2025-07-30,35359,34892
2025-07-31,35753,37337
2025-08-01,40690,41359
2025-08-02,40993,41019
2025-08-03,41239,40493
2025-08-04,38643,39345
2025-08-05,37882,36692
2025-08-06,38565,38243
2025-08-07,40250,38914
2025-08-08,44444,43873
2025-08-09,45355,45034
2025-08-10,43191,42368
2025-08-11,40155,40375
2025-08-12,37891,37384
2025-08-13,38856,39085
2025-08-14,38783,38720
2025-08-15,42710,40989
2025-08-16,42662,40113
2025-08-17,40073,40119
2025-08-18,39029,38284
2025-08-19,37613,36880
2025-08-20,38460,38216
2025-08-21,38059,37249
2025-08-22,40799,41198
2025-08-23,43033,41239
2025-08-24,41099,39583
2025-08-25,37998,36010
2025-08-26,36604,35757
2025-08-27,35976,35316
2025-08-28,35610,35743
2025-08-29,40995,41412
2025-08-30,41263,40932
2025-08-31,41303,40610
2025-09-01,39490,39551
2025-09-02,36999,36687
2025-09-03,35967,36959
2025-09-04,38901,37735
2025-09-05,42045,42730
2025-09-06,43217,41892
2025-09-07,41421,41502
2025-09-08,39787,39284
2025-09-09,38033,38634
2025-09-10,39274,39390
2025-09-11,38146,38984
2025-09-12,42424,41975
2025-09-13,44296,43501
2025-09-14,43912,41383
2025-09-15,40019,38459
2025-09-16,35972,35733
2025-09-17,37732,36097
2025-09-18,39283,38883
2025-09-19,44320,42585
2025-09-20,45279,44337
2025-09-21,41073,41053
2025-09-22,39861,39542
2025-09-23,38149,37919
2025-09-24,38180,36340
2025-09-25,39577,38961
2025-09-26,44834,44072
2025-09-27,44795,44772
2025-09-28,44617,43457
2025-09-29,41337,40496
2025-09-30,38935,38628
2025-10-01,38270,38680
2025-10-02,39427,39119
2025-10-03,43738,43492
2025-10-04,44757,43610
2025-10-05,43386,42905
2025-10-06,41171,39813
2025-10-07,39610,38621
2025-10-08,38627,38627
2025-10-09,41595,40103
2025-10-10,44553,43657
2025-10-11,45963,45464
2025-10-12,45524,44431
2025-10-13,42131,40081
2025-10-14,40010,39251
2025-10-15,41275,39143
2025-10-16,41623,41806
2025-10-17,45984,45877
2025-10-18,46356,45621
2025-10-19,44927,44500
2025-10-20,40329,40505
2025-10-21,38900,37784
2025-10-22,38364,39230
2025-10-23,40608,40801
2025-10-24,42394,43195
2025-10-25,43923,44034
2025-10-26,43036,42045
2025-10-27,41681,41396
2025-10-28,37786,39618
2025-10-29,38971,36931
2025-10-30,38767,39568
2025-10-31,42596,41656
2025-11-01,43715,43829
2025-11-02,41717,41024
2025-11-03,37897,37889
2025-11-04,36638,35212
2025-11-05,37809,35695
2025-11-06,37713,37147
2025-11-07,41772,42097
2025-11-08,43109,41904
2025-11-09,41042,40876
2025-11-10,37745,38939
2025-11-11,36529,36581
2025-11-12,35957,36800
2025-11-13,38656,37494
2025-11-14,42740,41358
2025-11-15,42933,41873
2025-11-16,41648,41418
2025-11-17,38324,38943
2025-11-18,37595,37142
2025-11-19,37085,35420
2025-11-20,37909,38283
2025-11-21,42202,41957
2025-11-22,42915,43831
2025-11-23,42987,40775
2025-11-24,40545,40148
2025-11-25,37292,37964
2025-11-26,37169,36790
2025-11-27,37966,38535
2025-11-28,43717,41483
2025-11-29,43793,43659
2025-11-30,40528,40785
2025-12-01,39932,39647
2025-12-02,38083,37300
2025-12-03,37971,38101
2025-12-04,40121,39458
2025-12-05,44248,42371
2025-12-06,43994,43433
2025-12-07,42618,44181
2025-12-08,39672,39230
2025-12-09,38243,38369
2025-12-10,37143,37375
2025-12-11,38442,38716
2025-12-12,42554,41968
2025-12-13,43044,42846
2025-12-14,43570,41444
2025-12-15,39320,39769
2025-12-16,37242,37588
2025-12-17,39257,37289
2025-12-18,38865,38619
2025-12-19,42234,40926
2025-12-20,43430,42295
2025-12-21,42844,41530
2025-12-22,38833,38412
2025-12-23,35619,35859
2025-12-24,36935,35825
2025-12-25,39023,36891
2025-12-26,42140,41648
2025-12-27,43179,41208
2025-12-28,42181,40633
2025-12-29,38332,39149
2025-12-30,37382,35782
2025-12-31,36728,37552
