운항일자,도착여객(명),출발여객(명),전체여객(명)
2023-01-01,33057,41368,74425
2023-01-02,35761,41284,77045
2023-01-03,36131,37401,73532
2023-01-04,37365,33946,71311
2023-01-05,38649,33637,72286
2023-01-06,37702,37024,74726
2023-01-07,36727,37062,73789
2023-01-08,41258,38774,80032
2023-01-09,41651,39192,80843
2023-01-10,39287,36742,76029
2023-01-11,38258,36691,74949
2023-01-12,38704,38767,77471
2023-01-13,32865,37034,69899
2023-01-14,34264,39597,73861
2023-01-15,36791,37594,74385
2023-01-16,36681,38762,75443
2023-01-17,32004,37554,69558
2023-01-18,32083,38303,70386
2023-01-19,37091,40057,77148
2023-01-20,42552,41262,83814
2023-01-21,42535,38143,80678
2023-01-22,38838,34647,73485
2023-01-23,41375,43899,85274
2023-01-24,0,0,0
2023-01-25,46954,54223,101177
2023-01-26,38149,40287,78436
2023-01-27,31583,29266,60849
2023-01-28,38198,36499,74697
2023-01-29,39084,34203,73287
2023-01-30,38610,37569,76179
2023-01-31,36016,37459,73475
2023-02-01,38053,34382,72435
2023-02-02,37776,34879,72655
2023-02-03,38477,37638,76115
2023-02-04,37412,38226,75638
2023-02-05,39157,38997,78154
2023-02-06,40567,40047,80614
2023-02-07,39007,38198,77205
2023-02-08,40097,38144,78241
2023-02-09,41035,39490,80525
2023-02-10,41316,39568,80884
2023-02-11,41202,39889,81091
2023-02-12,42066,41354,83420
2023-02-13,41872,41936,83808
2023-02-14,41259,40994,82253
2023-02-15,41609,41385,82994
2023-02-16,41705,41349,83054
2023-02-17,41656,41812,83468
2023-02-18,41986,43029,85015
2023-02-19,41212,42229,83441
2023-02-20,40997,41033,82030
2023-02-21,39536,41064,80600
2023-02-22,40300,40553,80853
2023-02-23,40266,40518,80784
2023-02-24,41900,41682,83582
2023-02-25,42302,42047,84349
2023-02-26,41116,41948,83064
2023-02-27,37132,42524,79656
2023-02-28,34550,41322,75872
2023-03-01,35388,41089,76477
2023-03-02,31501,34321,65822
2023-03-03,34139,32655,66794
2023-03-04,32292,37516,69808
2023-03-05,33027,39773,72800
2023-03-06,31943,35271,67214
2023-03-07,29116,30457,59573
2023-03-08,30547,30201,60748
2023-03-09,34446,29953,64399
2023-03-10,38436,31834,70270
2023-03-11,36389,33451,69840
2023-03-12,35621,39972,75593
2023-03-13,34837,38436,73273
2023-03-14,32310,33278,65588
2023-03-15,34430,32361,66791
2023-03-16,39060,33132,72192
2023-03-17,40770,34893,75663
2023-03-18,40819,35702,76521
2023-03-19,39906,41500,81406
2023-03-20,39305,42401,81706
2023-03-21,34536,37402,71938
2023-03-22,37481,34524,72005
2023-03-23,39704,35457,75161
2023-03-24,40943,38823,79766
2023-03-25,40636,39187,79823
2023-03-26,38515,40255,78770
2023-03-27,40834,41045,81879
2023-03-28,37252,37946,75198
2023-03-29,38811,36862,75673
2023-03-30,40480,39297,79777
2023-03-31,41409,40408,81817
2023-04-01,40177,39057,79234
2023-04-02,37689,41591,79280
2023-04-03,38858,43002,81860
2023-04-04,32663,38459,71122
2023-04-05,23266,23466,46732
2023-04-06,41765,38523,80288
2023-04-07,42749,35558,78307
2023-04-08,41364,37430,78794
2023-04-09,39523,42657,82180
2023-04-10,41886,43318,85204
2023-04-11,39143,38856,77999
2023-04-12,42018,37393,79411
2023-04-13,42939,39694,82633
2023-04-14,43028,41975,85003
2023-04-15,42143,41727,83870
2023-04-16,41304,43728,85032
2023-04-17,41398,43864,85262
2023-04-18,26839,30716,57555
2023-04-19,42202,42373,84575
2023-04-20,42814,38518,81332
2023-04-21,43308,41898,85206
2023-04-22,42195,42302,84497
2023-04-23,40849,44128,84977
2023-04-24,41582,44927,86509
2023-04-25,39608,40840,80448
2023-04-26,42997,38326,81323
2023-04-27,43456,40595,84051
2023-04-28,43967,42947,86914
2023-04-29,42834,41230,84064
2023-04-30,43129,42108,85237
2023-05-01,41951,44060,86011
2023-05-02,37418,42798,80216
2023-05-03,38691,40341,79032
2023-05-04,19169,20687,39856
2023-05-05,25168,27764,52932
2023-05-06,35275,43875,79150
2023-05-07,29620,28438,58058
2023-05-08,39751,39300,79051
2023-05-09,39825,36545,76370
2023-05-10,42948,35697,78645
2023-05-11,42654,38957,81611
2023-05-12,43567,44385,87952
2023-05-13,41231,42549,83780
2023-05-14,40666,43638,84304
2023-05-15,43311,42670,85981
2023-05-16,41257,39932,81189
2023-05-17,41901,39876,81777
2023-05-18,43110,40617,83727
2023-05-19,43591,43604,87195
2023-05-20,42578,43459,86037
2023-05-21,41366,43600,84966
2023-05-22,43131,44279,87410
2023-05-23,39499,41055,80554
2023-05-24,42187,40484,82671
2023-05-25,44093,41502,85595
2023-05-26,44107,43411,87518
2023-05-27,44035,40311,84346
2023-05-28,40813,42577,83390
2023-05-29,41071,43821,84892
2023-05-30,37525,43999,81524
2023-05-31,40569,40469,81038
2023-06-01,43574,36154,79728
2023-06-02,45188,40899,86087
2023-06-03,44800,38496,83296
2023-06-04,43325,38501,81826
2023-06-05,37402,41711,79113
2023-06-06,38945,44512,83457
2023-06-07,39508,43434,82942
2023-06-08,38958,41355,80313
2023-06-09,40321,42389,82710
2023-06-10,37785,39760,77545
2023-06-11,42786,42608,85394
2023-06-12,42888,42448,85336
2023-06-13,40593,39384,79977
2023-06-14,41105,40066,81171
2023-06-15,42119,41981,84100
2023-06-16,41100,42203,83303
2023-06-17,40848,42381,83229
2023-06-18,40105,42977,83082
2023-06-19,39615,42942,82557
2023-06-20,37090,41367,78457
2023-06-21,40497,37503,78000
2023-06-22,42242,38699,80941
2023-06-23,40593,40875,81468
2023-06-24,38992,41053,80045
2023-06-25,37442,42106,79548
2023-06-26,38015,38492,76507
2023-06-27,35471,35407,70878
2023-06-28,38060,35402,73462
2023-06-29,35255,37492,72747
2023-06-30,33677,39527,73204
2023-07-01,34536,35493,70029
2023-07-02,34842,37555,72397
2023-07-03,32846,32060,64906
2023-07-04,32716,32889,65605
2023-07-05,36991,31670,68661
2023-07-06,36969,34192,71161
2023-07-07,35110,37205,72315
2023-07-08,34462,34849,69311
2023-07-09,37254,38074,75328
2023-07-10,37789,34190,71979
2023-07-11,35882,34071,69953
2023-07-12,37129,34509,71638
2023-07-13,36470,36531,73001
2023-07-14,33316,36642,69958
2023-07-15,34290,36090,70380
2023-07-16,35199,36497,71696
2023-07-17,36278,33717,69995
2023-07-18,33096,33049,66145
2023-07-19,38394,35805,74199
2023-07-20,38246,35374,73620
2023-07-21,34980,35008,69988
2023-07-22,36687,34957,71644
2023-07-23,36654,37248,73902
2023-07-24,36434,30518,66952
2023-07-25,37843,32876,70719
2023-07-26,40389,34290,74679
2023-07-27,41770,35006,76776
2023-07-28,41277,36375,77652
2023-07-29,42341,38390,80731
2023-07-30,42227,40847,83074
2023-07-31,41679,38059,79738
2023-08-01,41982,40588,82570
2023-08-02,42593,42178,84771
2023-08-03,39655,41346,81001
2023-08-04,37401,41876,79277
2023-08-05,38319,43038,81357
2023-08-06,38659,42963,81622
2023-08-07,37057,41301,78358
2023-08-08,36972,41922,78894
2023-08-09,24759,28772,53531
2023-08-10,20829,21472,42301
2023-08-11,42539,39066,81605
2023-08-12,43108,33467,76575
2023-08-13,42719,37219,79938
2023-08-14,39393,41581,80974
2023-08-15,40178,43052,83230
2023-08-16,38920,42982,81902
2023-08-17,36240,41594,77834
2023-08-18,38296,41118,79414
2023-08-19,38149,40321,78470
2023-08-20,40853,42419,83272
2023-08-21,41366,39340,80706
2023-08-22,38324,38971,77295
2023-08-23,38162,41144,79306
2023-08-24,38766,39861,78627
2023-08-25,40054,40559,80613
2023-08-26,40658,40243,80901
2023-08-27,41322,42093,83415
2023-08-28,40557,40717,81274
2023-08-29,34490,39740,74230
2023-08-30,34641,40825,75466
2023-08-31,35843,40054,75897
2023-09-01,36821,38404,75225
2023-09-02,36629,35408,72037
2023-09-03,37848,39231,77079
2023-09-04,36522,35415,71937
2023-09-05,34754,34236,68990
2023-09-06,37533,34246,71779
2023-09-07,38924,36804,75728
2023-09-08,39505,39395,78900
2023-09-09,39448,37930,77378
2023-09-10,38500,42067,80567
2023-09-11,38520,39528,78048
2023-09-12,36248,36976,73224
2023-09-13,38000,37512,75512
2023-09-14,37587,36505,74092
2023-09-15,38424,41003,79427
2023-09-16,36874,37529,74403
2023-09-17,36807,40958,77765
2023-09-18,37167,37088,74255
2023-09-19,33850,35173,69023
2023-09-20,36011,35409,71420
2023-09-21,35107,35102,70209
2023-09-22,36449,40130,76579
2023-09-23,35164,35782,70946
2023-09-24,32108,38269,70377
2023-09-25,31917,35592,67509
2023-09-26,39836,33690,73526
2023-09-27,44048,38113,82161
2023-09-28,44304,34932,79236
2023-09-29,44288,32094,76382
2023-09-30,44490,42607,87097
2023-10-01,42723,44009,86732
2023-10-02,38297,44457,82754
2023-10-03,36197,44940,81137
2023-10-04,33162,41975,75137
2023-10-05,33352,32556,65908
2023-10-06,44394,36041,80435
2023-10-07,45271,34206,79477
2023-10-08,38943,38831,77774
2023-10-09,36662,43887,80549
2023-10-10,39903,43750,83653
2023-10-11,40233,36732,76965
2023-10-12,40424,37257,77681
2023-10-13,40570,42833,83403
2023-10-14,41227,42608,83835
2023-10-15,42435,42990,85425
2023-10-16,43608,40742,84350
2023-10-17,42230,38395,80625
2023-10-18,43354,40233,83587
2023-10-19,43433,43059,86492
2023-10-20,43038,43831,86869
2023-10-21,42210,44757,86967
2023-10-22,42725,44168,86893
2023-10-23,43220,43496,86716
2023-10-24,41877,40796,82673
2023-10-25,42545,40522,83067
2023-10-26,42544,42884,85428
2023-10-27,41675,43794,85469
2023-10-28,40560,44121,84681
2023-10-29,38226,41386,79612
2023-10-30,38498,40693,79191
2023-10-31,37754,39214,76968
2023-11-01,39740,36627,76367
2023-11-02,39545,38513,78058
2023-11-03,39747,40936,80683
2023-11-04,38524,41258,79782
2023-11-05,39090,41453,80543
2023-11-06,38302,39180,77482
2023-11-07,36965,37053,74018
2023-11-08,39175,37789,76964
2023-11-09,39538,38880,78418
2023-11-10,39553,40227,79780
2023-11-11,39150,38755,77905
2023-11-12,37998,40357,78355
2023-11-13,36887,39598,76485
2023-11-14,34058,36049,70107
2023-11-15,39341,35339,74680
2023-11-16,39565,36086,75651
2023-11-17,38070,38269,76339
2023-11-18,39636,39722,79358
2023-11-19,37483,41656,79139
2023-11-20,35038,39631,74669
2023-11-21,31339,35737,67076
2023-11-22,35628,33209,68837
2023-11-23,39306,34603,73909
2023-11-24,38883,37973,76856
2023-11-25,37829,36624,74453
2023-11-26,37215,40581,77796
2023-11-27,34247,39235,73482
2023-11-28,29116,35605,64721
2023-11-29,32150,32583,64733
2023-11-30,36786,33309,70095
2023-12-01,36842,33669,70511
2023-12-02,35669,33797,69466
2023-12-03,34674,38812,73486
2023-12-04,32115,35626,67741
2023-12-05,28854,32452,61306
2023-12-06,30444,30315,60759
2023-12-07,37251,30790,68041
2023-12-08,37259,34218,71477
2023-12-09,36553,35156,71709
2023-12-10,36160,38217,74377
2023-12-11,31858,36052,67910
2023-12-12,29938,32996,62934
2023-12-13,33142,32103,65245
2023-12-14,36616,33344,69960
2023-12-15,35265,36644,71909
2023-12-16,31967,32933,64900
2023-12-17,36718,36623,73341
2023-12-18,34852,34603,69455
2023-12-19,31827,34561,66388
2023-12-20,32651,34309,66960
2023-12-21,21904,21958,43862
2023-12-22,15307,15113,30420
2023-12-23,42795,40555,83350
2023-12-24,38401,20458,58859
2023-12-25,36465,32515,68980
2023-12-26,39861,35580,75441
2023-12-27,39536,36612,76148
2023-12-28,40006,37704,77710
2023-12-29,39881,37041,76922
2023-12-30,40027,37086,77113
2023-12-31,36580,36589,73169
2024-01-01,33774,40837,74611
2024-01-02,35141,40821,75962
2024-01-03,31947,39110,71057
2024-01-04,33686,35558,69244
2024-01-05,33558,35229,68787
2024-01-06,34449,35026,69475
2024-01-07,37281,34736,72017
2024-01-08,37401,33779,71180
2024-01-09,35070,33523,68593
2024-01-10,35429,33640,69069
2024-01-11,37904,36254,74158
2024-01-12,36521,36369,72890
2024-01-13,37583,36449,74032
2024-01-14,38816,37803,76619
2024-01-15,38385,38450,76835
2024-01-16,36399,36637,73036
2024-01-17,35979,36759,72738
2024-01-18,37063,38485,75548
2024-01-19,36302,37903,74205
2024-01-20,35693,37476,73169
2024-01-21,37207,37712,74919
2024-01-22,35445,37002,72447
2024-01-23,1042,1378,2420
2024-01-24,34949,39605,74554
2024-01-25,38013,34796,72809
2024-01-26,37775,31919,69694
2024-01-27,39129,35285,74414
2024-01-28,39656,38106,77762
2024-01-29,38152,39611,77763
2024-01-30,35089,39295,74384
2024-01-31,33933,39209,73142
2024-02-01,35459,37207,72666
2024-02-02,33965,34879,68844
2024-02-03,33026,34647,67673
2024-02-04,32445,35216,67661
2024-02-05,30611,35183,65794
2024-02-06,31315,35711,67026
2024-02-07,34865,37693,72558
2024-02-08,40357,35898,76255
2024-02-09,40913,33582,74495
2024-02-10,37571,31393,68964
2024-02-11,37579,40775,78354
2024-02-12,38846,40962,79808
2024-02-13,38438,39829,78267
2024-02-14,38405,36592,74997
2024-02-15,38627,36395,75022
2024-02-16,37964,36114,74078
2024-02-17,36193,35679,71872
2024-02-18,33995,36776,70771
2024-02-19,20091,21862,41953
2024-02-20,39205,42813,82018
2024-02-21,34373,35439,69812
2024-02-22,36490,31976,68466
2024-02-23,37381,35350,72731
2024-02-24,37146,34033,71179
2024-02-25,38630,39324,77954
2024-02-26,37168,34129,71297
2024-02-27,37153,35896,73049
2024-02-28,39025,37136,76161
2024-02-29,40562,38636,79198
2024-03-01,40067,38740,78807
2024-03-02,30153,40961,71114
2024-03-03,30694,41315,72009
2024-03-04,27276,38338,65614
2024-03-05,24799,29020,53819
2024-03-06,28087,25666,53753
2024-03-07,32142,27704,59846
2024-03-08,34980,29677,64657
2024-03-09,33337,30620,63957
2024-03-10,32554,36462,69016
2024-03-11,30834,33368,64202
2024-03-12,28913,29232,58145
2024-03-13,32128,29649,61777
2024-03-14,35466,30648,66114
2024-03-15,36665,33706,70371
2024-03-16,35691,33457,69148
2024-03-17,35216,38071,73287
2024-03-18,35245,36536,71781
2024-03-19,33389,32897,66286
2024-03-20,34747,31995,66742
2024-03-21,38368,34155,72523
2024-03-22,38150,35666,73816
2024-03-23,37787,36010,73797
2024-03-24,37330,40399,77729
2024-03-25,37838,38201,76039
2024-03-26,37391,33602,70993
2024-03-27,38730,35206,73936
2024-03-28,39369,37099,76468
2024-03-29,41076,40520,81596
2024-03-30,39798,40389,80187
2024-03-31,39538,42567,82105
2024-04-01,39361,41211,80572
2024-04-02,36680,35911,72591
2024-04-03,38225,36431,74656
2024-04-04,38740,37655,76395
2024-04-05,40238,40650,80888
2024-04-06,41349,39393,80742
2024-04-07,39997,40606,80603
2024-04-08,37880,37765,75645
2024-04-09,39506,38625,78131
2024-04-10,42162,40337,82499
2024-04-11,38831,36085,74916
2024-04-12,38148,37545,75693
2024-04-13,38005,42721,80726
2024-04-14,37798,42979,80777
2024-04-15,40725,42587,83312
2024-04-16,38091,36384,74475
2024-04-17,39774,35952,75726
2024-04-18,41759,39611,81370
2024-04-19,40887,42325,83212
2024-04-20,37083,39291,76374
2024-04-21,37634,42956,80590
2024-04-22,38308,40829,79137
2024-04-23,37016,36501,73517
2024-04-24,40449,35301,75750
2024-04-25,41875,38491,80366
2024-04-26,42929,42334,85263
2024-04-27,41604,41838,83442
2024-04-28,40718,42630,83348
2024-04-29,39662,41102,80764
2024-04-30,39695,38869,78564
2024-05-01,40737,37092,77829
2024-05-02,39079,36184,75263
2024-05-03,43246,40319,83565
2024-05-04,42602,41232,83834
2024-05-05,30879,35156,66035
2024-05-06,38553,44768,83321
2024-05-07,37703,42498,80201
2024-05-08,37472,36370,73842
2024-05-09,38159,36296,74455
2024-05-10,39172,41625,80797
2024-05-11,40862,38412,79274
2024-05-12,39245,40076,79321
2024-05-13,38387,34959,73346
2024-05-14,37916,39015,76931
2024-05-15,38745,36311,75056
2024-05-16,37520,36745,74265
2024-05-17,37867,37047,74914
2024-05-18,38400,42264,80664
2024-05-19,39475,42404,81879
2024-05-20,41182,41468,82650
2024-05-21,39530,37464,76994
2024-05-22,40940,38345,79285
2024-05-23,41941,41666,83607
2024-05-24,42073,42416,84489
2024-05-25,39415,42649,82064
2024-05-26,38984,42226,81210
2024-05-27,42448,41496,83944
2024-05-28,40862,37226,78088
2024-05-29,41279,38482,79761
2024-05-30,40891,41446,82337
2024-05-31,40284,42434,82718
2024-06-01,41199,40839,82038
2024-06-02,40677,42404,83081
2024-06-03,41562,38918,80480
2024-06-04,41155,35606,76761
2024-06-05,44297,41983,86280
2024-06-06,44325,37817,82142
2024-06-07,38024,37653,75677
2024-06-08,36123,44270,80393
2024-06-09,40989,43934,84923
2024-06-10,40375,43249,83624
2024-06-11,38523,40512,79035
2024-06-12,40419,39661,80080
2024-06-13,41942,41199,83141
2024-06-14,41501,42478,83979
2024-06-15,40349,41908,82257
2024-06-16,40055,42747,82802
2024-06-17,39395,41314,80709
2024-06-18,36019,38733,74752
2024-06-19,36710,38418,75128
2024-06-20,38420,37812,76232
2024-06-21,38218,39181,77399
2024-06-22,36838,35849,72687
2024-06-23,37822,39746,77568
2024-06-24,38649,37345,75994
2024-06-25,35285,36957,72242
2024-06-26,36087,36319,72406
2024-06-27,35068,37211,72279
2024-06-28,34407,37881,72288
2024-06-29,30423,34712,65135
2024-06-30,32251,37013,69264
2024-07-01,31406,31206,62612
2024-07-02,27687,25871,53558
2024-07-03,36235,28494,64729
2024-07-04,37306,30049,67355
2024-07-05,37382,34802,72184
2024-07-06,36387,35586,71973
2024-07-07,35980,40093,76073
2024-07-08,32777,36707,69484
2024-07-09,28315,34466,62781
2024-07-10,33619,32257,65876
2024-07-11,34962,30900,65862
2024-07-12,35644,34093,69737
2024-07-13,35030,33775,68805
2024-07-14,37123,36982,74105
2024-07-15,36148,34745,70893
2024-07-16,34978,34121,69099
2024-07-17,36484,35463,71947
2024-07-18,36368,35433,71801
2024-07-19,38249,34399,72648
2024-07-20,39913,35757,75670
2024-07-21,39127,36916,76043
2024-07-22,38305,37272,75577
2024-07-23,39450,38044,77494
2024-07-24,40726,38521,79247
2024-07-25,41241,37859,79100
2024-07-26,41123,36649,77772
2024-07-27,42435,35638,78073
2024-07-28,42613,38152,80765
2024-07-29,42090,34373,76463
2024-07-30,42455,39330,81785
2024-07-31,42721,41871,84592
2024-08-01,41161,40839,82000
2024-08-02,39296,42027,81323
2024-08-03,39265,42598,81863
2024-08-04,39018,42447,81465
2024-08-05,39284,42263,81547
2024-08-06,37521,42075,79596
2024-08-07,37748,40955,78703
2024-08-08,37820,39099,76919
2024-08-09,38224,39347,77571
2024-08-10,40102,40118,80220
2024-08-11,40285,42038,82323
2024-08-12,38868,37637,76505
2024-08-13,40268,38067,78335
2024-08-14,42175,40273,82448
2024-08-15,41721,38670,80391
2024-08-16,36238,38563,74801
2024-08-17,34121,42040,76161
2024-08-18,37822,42563,80385
2024-08-19,36875,41319,78194
2024-08-20,32255,37757,70012
2024-08-21,34612,36087,70699
2024-08-22,37083,35093,72176
2024-08-23,39033,37345,76378
2024-08-24,40469,37661,78130
2024-08-25,40897,40294,81191
2024-08-26,40114,37144,77258
2024-08-27,39961,40779,80740
2024-08-28,38827,39963,78790
2024-08-29,38577,40090,78667
2024-08-30,38317,40629,78946
2024-08-31,38202,40870,79072
2024-09-01,37658,41420,79078
2024-09-02,34359,38156,72515
2024-09-03,33094,35269,68363
2024-09-04,35022,35230,70252
2024-09-05,36213,35665,71878
2024-09-06,36540,36671,73211
2024-09-07,36930,36633,73563
2024-09-08,34698,39663,74361
2024-09-09,33101,36617,69718
2024-09-10,30000,33283,63283
2024-09-11,32346,34194,66540
2024-09-12,35736,33533,69269
2024-09-13,42152,35184,77336
2024-09-14,41606,35121,76727
2024-09-15,41695,31976,73671
2024-09-16,39679,39497,79176
2024-09-17,38976,42368,81344
2024-09-18,41646,42502,84148
2024-09-19,37153,40883,78036
2024-09-20,33818,37968,71786
2024-09-21,31088,38233,69321
2024-09-22,37249,38966,76215
2024-09-23,37412,33871,71283
2024-09-24,36085,34924,71009
2024-09-25,39498,36990,76488
2024-09-26,39353,37421,76774
2024-09-27,38830,40239,79069
2024-09-28,40538,37756,78294
2024-09-29,40519,39319,79838
2024-09-30,40688,34481,75169
2024-10-01,40483,37235,77718
2024-10-02,41898,38760,80658
2024-10-03,41334,36154,77488
2024-10-04,33416,36907,70323
2024-10-05,33028,42131,75159
2024-10-06,37212,42339,79551
2024-10-07,36123,37755,73878
2024-10-08,36307,35510,71817
2024-10-09,37196,34790,71986
2024-10-10,34385,34804,69189
2024-10-11,38655,38345,77000
2024-10-12,38713,41321,80034
2024-10-13,40348,42279,82627
2024-10-14,40683,39899,80582
2024-10-15,39031,35678,74709
2024-10-16,40491,37289,77780
2024-10-17,39301,39950,79251
2024-10-18,38845,41772,80617
2024-10-19,38405,41635,80040
2024-10-20,38793,41755,80548
2024-10-21,40434,38403,78837
2024-10-22,40009,34417,74426
2024-10-23,40302,36565,76867
2024-10-24,39986,41187,81173
2024-10-25,39905,41656,81561
2024-10-26,38800,42215,81015
2024-10-27,36954,38508,75462
2024-10-28,37423,38219,75642
2024-10-29,37735,37798,75533
2024-10-30,36727,36296,73023
2024-10-31,36794,39229,76023
2024-11-01,37023,38880,75903
2024-11-02,38193,39291,77484
2024-11-03,38097,38536,76633
2024-11-04,37529,37828,75357
2024-11-05,38028,37295,75323
2024-11-06,37440,34778,72218
2024-11-07,39064,38148,77212
2024-11-08,38517,39123,77640
2024-11-09,38792,39901,78693
2024-11-10,37147,38125,75272
2024-11-11,36665,37563,74228
2024-11-12,34724,37005,71729
2024-11-13,36524,34393,70917
2024-11-14,37904,36025,73929
2024-11-15,37799,37431,75230
2024-11-16,38050,38778,76828
2024-11-17,35850,38021,73871
2024-11-18,34915,36709,71624
2024-11-19,33781,36147,69928
2024-11-20,34742,33686,68428
2024-11-21,36325,34591,70916
2024-11-22,37298,37385,74683
2024-11-23,37481,38075,75556
2024-11-24,36013,38868,74881
2024-11-25,33350,37727,71077
2024-11-26,30542,34805,65347
2024-11-27,25539,25541,51080
2024-11-28,34339,34487,68826
2024-11-29,35445,34116,69561
2024-11-30,35327,32326,67653
2024-12-01,34860,36126,70986
2024-12-02,32087,33049,65136
2024-12-03,29911,31589,61500
2024-12-04,30263,30979,61242
2024-12-05,32674,31834,64508
2024-12-06,33647,33708,67355
2024-12-07,34152,33474,67626
2024-12-08,33670,35883,69553
2024-12-09,32556,32997,65553
2024-12-10,30070,31245,61315
2024-12-11,31428,30790,62218
2024-12-12,33309,31613,64922
2024-12-13,34042,35307,69349
2024-12-14,35081,33888,68969
2024-12-15,35519,36469,71988
2024-12-16,34910,34021,68931
2024-12-17,32567,34128,66695
2024-12-18,33868,33909,67777
2024-12-19,35188,33706,68894
2024-12-20,33387,35087,68474
2024-12-21,35295,33091,68386
2024-12-22,34532,34412,68944
2024-12-23,33622,31827,65449
2024-12-24,34690,31895,66585
2024-12-25,35154,30182,65336
2024-12-26,37549,30869,68418
2024-12-27,35639,30665,66304
2024-12-28,38824,36148,74972
2024-12-29,38072,37129,75201
2024-12-30,34082,36511,70593
2024-12-31,32315,34482,66797
2025-01-01,29388,35238,64626
2025-01-02,30477,33531,64008
2025-01-03,27671,31306,58977
2025-01-04,29706,33136,62842
2025-01-05,30250,33397,63647
2025-01-06,30033,29297,59330
2025-01-07,27993,28668,56661
2025-01-08,27419,28009,55428
2025-01-09,17093,18096,35189
2025-01-10,33823,34375,68198
2025-01-11,31181,28458,59639
2025-01-12,32125,28834,60959
2025-01-13,33266,30645,63911
2025-01-14,30321,30328,60649
2025-01-15,30251,30735,60986
2025-01-16,31013,31026,62039
2025-01-17,31846,32325,64171
2025-01-18,31213,32366,63579
2025-01-19,31229,33481,64710
2025-01-20,31669,32532,64201
2025-01-21,28910,31331,60241
2025-01-22,29173,31318,60491
2025-01-23,31242,32139,63381
2025-01-24,34673,31040,65713
2025-01-25,37837,31289,69126
2025-01-26,37974,30565,68539
2025-01-27,35283,32344,67627
2025-01-28,33929,33383,67312
2025-01-29,33104,35694,68798
2025-01-30,36169,37344,73513
2025-01-31,33172,36784,69956
2025-02-01,29304,37535,66839
2025-02-02,29579,36972,66551
2025-02-03,28640,33983,62623
2025-02-04,23834,27469,51303
2025-02-05,25248,27595,52843
2025-02-06,29073,29104,58177
2025-02-07,6088,8399,14487
2025-02-08,32610,34028,66638
2025-02-09,30659,23998,54657
2025-02-10,32613,27190,59803
2025-02-11,30302,30746,61048
2025-02-12,30263,29942,60205
2025-02-13,33705,31633,65338
2025-02-14,34070,32819,66889
2025-02-15,33314,31924,65238
2025-02-16,33647,34557,68204
2025-02-17,33479,34059,67538
2025-02-18,30708,32261,62969
2025-02-19,31200,32056,63256
2025-02-20,34401,33215,67616
2025-02-21,33776,33517,67293
2025-02-22,32655,31670,64325
2025-02-23,31936,34523,66459
2025-02-24,33461,32203,65664
2025-02-25,32602,31174,63776
2025-02-26,32321,31735,64056
2025-02-27,33191,33343,66534
2025-02-28,36177,35336,71513
2025-03-01,36076,34533,70609
2025-03-02,29007,35739,64746
2025-03-03,26271,36921,63192
2025-03-04,21759,33637,55396
2025-03-05,22713,24319,47032
2025-03-06,25985,21995,47980
2025-03-07,31738,26707,58445
2025-03-08,30626,27343,57969
2025-03-09,28750,31658,60408
2025-03-10,26338,30496,56834
2025-03-11,24074,25869,49943
2025-03-12,24954,24994,49948
2025-03-13,29271,25627,54898
2025-03-14,32924,28488,61412
2025-03-15,30511,28333,58844
2025-03-16,26894,31322,58216
2025-03-17,31663,31385,63048
2025-03-18,24845,25823,50668
2025-03-19,29554,26101,55655
2025-03-20,33476,27987,61463
2025-03-21,35755,31582,67337
2025-03-22,35049,30752,65801
2025-03-23,34290,35960,70250
2025-03-24,33536,34383,67919
2025-03-25,30987,31347,62334
2025-03-26,32662,31508,64170
2025-03-27,35251,32007,67258
2025-03-28,36169,34751,70920
2025-03-29,35725,34694,70419
2025-03-30,34803,38263,73066
2025-03-31,34706,38018,72724
2025-04-01,34194,32252,66446
2025-04-02,35579,30371,65950
2025-04-03,37540,34908,72448
2025-04-04,38468,39231,77699
2025-04-05,37530,36087,73617
2025-04-06,36654,40221,76875
2025-04-07,36609,38901,75510
2025-04-08,32818,34390,67208
2025-04-09,34712,33781,68493
2025-04-10,39205,34069,73274
2025-04-11,40083,37764,77847
2025-04-12,28737,28568,57305
2025-04-13,39721,43225,82946
2025-04-14,33284,38654,71938
2025-04-15,33212,35017,68229
2025-04-16,36682,33164,69846
2025-04-17,39302,33516,72818
2025-04-18,39094,37682,76776
2025-04-19,37695,37591,75286
2025-04-20,35870,40790,76660
2025-04-21,36270,40237,76507
2025-04-22,33579,33689,67268
2025-04-23,38954,33867,72821
2025-04-24,39755,35670,75425
2025-04-25,40540,40373,80913
2025-04-26,38458,37802,76260
2025-04-27,37815,39978,77793
2025-04-28,38626,40125,78751
2025-04-29,38456,35425,73881
2025-04-30,40704,35409,76113
2025-05-01,40390,29635,70025
2025-05-02,43444,37689,81133
2025-05-03,39105,37736,76841
2025-05-04,40164,40755,80919
2025-05-05,34209,41678,75887
2025-05-06,35205,41603,76808
2025-05-07,32833,41983,74816
2025-05-08,32281,39419,71700
2025-05-09,32845,34971,67816
2025-05-10,37409,37600,75009
2025-05-11,37258,37736,74994
2025-05-12,39735,36294,76029
2025-05-13,36248,34683,70931
2025-05-14,36952,35185,72137
2025-05-15,37045,37266,74311
2025-05-16,38227,40573,78800
2025-05-17,36892,37142,74034
2025-05-18,37249,39356,76605
2025-05-19,39063,37811,76874
2025-05-20,37768,35623,73391
2025-05-21,37934,35255,73189
2025-05-22,38881,37145,76026
2025-05-23,39632,41587,81219
2025-05-24,37019,38695,75714
2025-05-25,38015,40413,78428
2025-05-26,40222,39871,80093
2025-05-27,37434,36789,74223
2025-05-28,37889,37123,75012
2025-05-29,39118,37434,76552
2025-05-30,41878,40668,82546
2025-05-31,40661,36588,77249
2025-06-01,40090,37702,77792
2025-06-02,38980,36349,75329
2025-06-03,39494,41280,80774
2025-06-04,39858,36847,76705
2025-06-05,41641,37760,79401
2025-06-06,42964,41344,84308
2025-06-07,34576,42237,76813
2025-06-08,38768,41687,80455
2025-06-09,38974,42331,81305
2025-06-10,37061,40650,77711
2025-06-11,38312,39137,77449
2025-06-12,37875,37793,75668
2025-06-13,38284,41064,79348
2025-06-14,35461,36783,72244
2025-06-15,37808,39944,77752
2025-06-16,38996,37838,76834
2025-06-17,37090,37558,74648
2025-06-18,37615,36792,74407
2025-06-19,37509,37570,75079
2025-06-20,37075,39736,76811
2025-06-21,34622,36586,71208
2025-06-22,35415,39084,74499
2025-06-23,36053,36174,72227
2025-06-24,35481,34586,70067
2025-06-25,36959,33843,70802
2025-06-26,38279,34970,73249
2025-06-27,39969,39007,78976
2025-06-28,37474,37058,74532
2025-06-29,37284,39674,76958
2025-06-30,35928,39749,75677
2025-07-01,33884,33525,67409
2025-07-02,34286,30962,65248
2025-07-03,36160,33091,69251
2025-07-04,38286,37853,76139
2025-07-05,36388,35920,72308
2025-07-06,36614,38344,74958
2025-07-07,37316,38146,75462
2025-07-08,33684,34549,68233
2025-07-09,34359,33932,68291
2025-07-10,36690,33847,70537
2025-07-11,37666,37035,74701
2025-07-12,35784,35448,71232
2025-07-13,36194,36670,72864
2025-07-14,37561,36649,74210
2025-07-15,34440,34925,69365
2025-07-16,34825,34547,69372
2025-07-17,32547,32214,64761
2025-07-18,35624,36379,72003
2025-07-19,39185,34386,73571
2025-07-20,37915,36061,73976
2025-07-21,39990,36270,76260
2025-07-22,39023,36367,75390
2025-07-23,40804,37551,78355
2025-07-24,40215,37234,77449
2025-07-25,40914,38246,79160
2025-07-26,43521,35914,79435
2025-07-27,42281,38912,81193
2025-07-28,41768,34774,76542
2025-07-29,40462,38318,78780
2025-07-30,42451,41216,83667
2025-07-31,40774,40248,81022
2025-08-01,41216,42044,83260
2025-08-02,40058,42932,82990
2025-08-03,38682,42037,80719
2025-08-04,38301,42253,80554
2025-08-05,34766,42047,76813
2025-08-06,36236,41211,77447
2025-08-07,36737,37373,74110
2025-08-08,38911,38968,77879
2025-08-09,36445,39713,76158
2025-08-10,36448,40811,77259
2025-08-11,37508,37470,74978
2025-08-12,37706,34952,72658
2025-08-13,41241,35963,77204
2025-08-14,41635,37292,78927
2025-08-15,43207,39950,83157
2025-08-16,37899,42549,80448
2025-08-17,38158,42397,80555
2025-08-18,37739,42879,80618
2025-08-19,34594,40380,74974
2025-08-20,36174,38645,74819
2025-08-21,36662,35976,72638
2025-08-22,41505,38292,79797
2025-08-23,40725,37635,78360
2025-08-24,40988,40973,81961
2025-08-25,42382,41642,84024
2025-08-26,38896,40174,79070
2025-08-27,40090,40776,80866
2025-08-28,39776,40747,80523
2025-08-29,40112,42842,82954
2025-08-30,38365,42820,81185
2025-08-31,36899,42853,79752
2025-09-01,33819,39919,73738
2025-09-02,31386,34484,65870
2025-09-03,36420,32001,68421
2025-09-04,40146,33585,73731
2025-09-05,41679,37808,79487
2025-09-06,39184,38668,77852
2025-09-07,37711,42256,79967
2025-09-08,34407,40289,74696
2025-09-09,31814,35788,67602
2025-09-10,38221,34446,72667
2025-09-11,42094,34894,76988
2025-09-12,42706,39982,82688
2025-09-13,40634,40361,80995
2025-09-14,40500,43143,83643
2025-09-15,39018,41847,80865
2025-09-16,34797,38731,73528
2025-09-17,38647,37694,76341
2025-09-18,41950,35882,77832
2025-09-19,43445,40503,83948
2025-09-20,42003,41438,83441
2025-09-21,40009,44175,84184
2025-09-22,37587,42823,80410
2025-09-23,33285,38866,72151
2025-09-24,37793,37457,75250
2025-09-25,40366,36730,77096
2025-09-26,41086,40643,81729
2025-09-27,37450,38547,75997
2025-09-28,35876,41516,77392
2025-09-29,35097,38933,74030
2025-09-30,33635,35235,68870
2025-10-01,41393,30245,71638
2025-10-02,44511,32608,77119
2025-10-03,44243,29311,73554
2025-10-04,45426,32007,77433
2025-10-05,43754,37852,81606
2025-10-06,45383,43420,88803
2025-10-07,44689,44334,89023
2025-10-08,44240,45236,89476
2025-10-09,41328,44250,85578
2025-10-10,33483,44868,78351
2025-10-11,28122,45136,73258
2025-10-12,33285,44836,78121
2025-10-13,34700,45241,79941
2025-10-14,31697,37147,68844
2025-10-15,37946,33460,71406
2025-10-16,38737,35882,74619
2025-10-17,42341,41464,83805
2025-10-18,41071,39875,80946
2025-10-19,41581,43337,84918
2025-10-20,43704,39742,83446
2025-10-21,39236,36674,75910
2025-10-22,40823,38703,79526
2025-10-23,43028,41254,84282
2025-10-24,45220,44632,89852
2025-10-25,43605,45288,88893
2025-10-26,39737,41802,81539
2025-10-27,41146,43695,84841
2025-10-28,37058,38666,75724
2025-10-29,39266,37772,77038
2025-10-30,41716,40314,82030
2025-10-31,42323,42950,85273